project,lane,priority_class,visibility_tier,data_class,ip_class,governance_steward,lane_operator,release_packaging_owner,compliance_reviewer,automation_maintainer
2024 Taxes,recovery-core,core,private-client,legal-financial-restricted,client-invention-protected,Melissa Stock,Melissa Stock,Melissa Stock,Melissa Stock,Melissa Stock
Aneumind and TC Structure,business-structure,core,private-client,legal-financial-restricted,client-invention-protected,Melissa Stock,Melissa Stock,Melissa Stock,Melissa Stock,Melissa Stock
App Builder,platform-product,adjacent,private-internal,internal-ops,personal-os-protected,Melissa Stock,Melissa Stock,Melissa Stock,Melissa Stock,Melissa Stock
Archiavellian,archive-incubator,peripheral,private-internal,ip-restricted,personal-os-protected,Melissa Stock,Melissa Stock,Melissa Stock,Melissa Stock,Melissa Stock
Archiavellian-Archive,recovery-core,core,private-client,legal-financial-restricted,client-invention-protected,Melissa Stock,Melissa Stock,Melissa Stock,Melissa Stock,Melissa Stock
Bankruptcy,recovery-core,core,private-client,legal-financial-restricted,client-invention-protected,Melissa Stock,Melissa Stock,Melissa Stock,Melissa Stock,Melissa Stock
Combat Injury Post-Incident Medical Tracking & VA Claims Documentation System,platform-product,adjacent,private-client,regulated-sensitive,client-invention-protected,Melissa Stock,Melissa Stock,Melissa Stock,Melissa Stock,Melissa Stock
Divorce,recovery-core,core,private-client,legal-financial-restricted,client-invention-protected,Melissa Stock,Melissa Stock,Melissa Stock,Melissa Stock,Melissa Stock
MJS Financial Dash,recovery-core,core,private-client,legal-financial-restricted,client-invention-protected,Melissa Stock,Melissa Stock,Melissa Stock,Melissa Stock,Melissa Stock
MJS Financial Dash Backup,archive-incubator,peripheral,private-archive,legal-financial-restricted,client-invention-protected,Melissa Stock,Melissa Stock,Melissa Stock,Melissa Stock,Melissa Stock
MJSDS Dashboard,platform-product,peripheral,public,public-open,internal-standard,Melissa Stock,Melissa Stock,Melissa Stock,Melissa Stock,Melissa Stock
MJSDS Website,platform-product,peripheral,private-internal,internal-ops,personal-os-protected,Melissa Stock,Melissa Stock,Melissa Stock,Melissa Stock,Melissa Stock
Momentum-OS,platform-product,adjacent,private-internal,internal-ops,personal-os-protected,Melissa Stock,Melissa Stock,Melissa Stock,Melissa Stock,Melissa Stock
provider-access-hub,platform-product,adjacent,private-client,regulated-sensitive,client-invention-protected,Melissa Stock,Melissa Stock,Melissa Stock,Melissa Stock,Melissa Stock
Resume Builder,platform-product,adjacent,private-internal,internal-ops,personal-os-protected,Melissa Stock,Melissa Stock,Melissa Stock,Melissa Stock,Melissa Stock
Teach - Home Learning Playbook,family-outcomes,adjacent,private-client,family-sensitive,client-invention-protected,Melissa Stock,Melissa Stock,Melissa Stock,Melissa Stock,Melissa Stock
Teach - Zahmeir Learning System,family-outcomes,adjacent,private-client,family-sensitive,client-invention-protected,Melissa Stock,Melissa Stock,Melissa Stock,Melissa Stock,Melissa Stock
TuneFab,archive-incubator,peripheral,private-archive,archive-sensitive,internal-standard,Melissa Stock,Melissa Stock,Melissa Stock,Melissa Stock,Melissa Stock
Wayne Strain,archive-incubator,peripheral,private-internal,research-sensitive,personal-os-protected,Melissa Stock,Melissa Stock,Melissa Stock,Melissa Stock,Melissa Stock
